display name	reference database	identifier	name	name (Finnish)	child terms	parent terms	comments
C00-C97	ICD-10	C00-C97		Pahanlaatuiset kasvaimet	"C00-C14 Malignant neoplasms of lip, oral cavity and pharynx; C15-C26 Malignant neoplasms of digestive organs; C30-C39 Malignant neoplasms of respiratory and intrathoracic organs; C40-C41 Malignant neoplasms of bone and articular cartilage; C43-C44 Melanoma and other malignant neoplasms of skin; C45-C49 Malignant neoplasms of mesothelial and soft tissue; C50-C50; C51-C58 Malignant neoplasms of female genital organs; C60-C63 Malignant neoplasms of male genital organs; C64-C68 Malignant neoplasms of urinary tract; C69-C72 Malignant neoplasms of eye, brain and other parts of central nervous system; C73-C75 Malignant neoplasms of thyroid and other endocrine glands; C76-C80 Malignant neoplasms of ill-defined, secondary and unspecified sites; C81-C96 Malignant neoplasms of lymphoid, haematopoietic and related tissue; C97-C97"	C00-D48 Malignant neoplasms	
"C00-C14 Malignant neoplasms of lip, oral cavity and pharynx"	ICD-10	C00-C14	"Malignant neoplasms of lip, oral cavity and pharynx"	"Huulen, suuontelon ja nielun pahanlaatuiset kasvaimet"	"C00& Malignant neoplasm of lip; C01& Malignant neoplasm of base of tongue; C02 Malignant neoplasm of other and unspecified parts of tongue; C03 Malignant neoplasm of gum; C04 Malignant neoplasm of floor of mouth; C05 Malignant neoplasm of palate; C06 Malignant neoplasm of other and unspecified parts of mouth; C07 Malignant neoplasm of parotid gland; C08 Malignant neoplasm of other and unspecified major salivary glands; C09 Malignant neoplasm of tonsil; C10 Malignant neoplasm of oropharynx; C11 Malignant neoplasm of nasopharynx; C12& Malignant neoplasm of pyriform sinus; C13 Malignant neoplasm of hypopharynx; C14 Malignant neoplasm of other and ill-defined sites in the lip, oral cavity and pharynx"	C00-C97	
C00& Malignant neoplasm of lip	ICD-10	C00&	Malignant neoplasm of lip	Huulisyöpä	"C00.0& Malignant neoplasm of external upper lip; C00.1& Malignant neoplasm of external lower lip; C00.2& Malignant neoplasm of external lip, unspecified; C00.3& Malignant neoplasm of upper lip, inner aspect; C00.4& Malignant neoplasm of lower lip, inner aspect; C00.5& Malignant neoplasm of lip, unspecified, inner aspect; C00.6& Malignant neoplasm of commissure of lip; C00.8& Malignant overlapping lesion of lip; C00.9& Malignant neoplasm of lip, unspecified"	"C00-C14 Malignant neoplasms of lip, oral cavity and pharynx"	
C01& Malignant neoplasm of base of tongue	ICD-10	C01&	Malignant neoplasm of base of tongue	Kielen tyven syöpä		"C00-C14 Malignant neoplasms of lip, oral cavity and pharynx"	
C02 Malignant neoplasm of other and unspecified parts of tongue	ICD-10	C02	Malignant neoplasm of other and unspecified parts of tongue	Kielen muiden tai määrittämättömien osien syöpä	"C02.0& Malignant neoplasm of dorsal surface of tongue; C02.10& Malignant neoplasm of tip of tongue; C02.11& Malignant neoplasm of border of tongue; C02.2& Malignant neoplasm of ventral surface of tongue; C02.3& Malignant neoplasm of anterior two-thirds of tongue, part unspecified; C02.4& Malignant neoplasm of lingual tonsil; C02.8& Malignant neoplasm of overlapping lesion of tongue; C02.9& Malignant neoplasm of tongue, unspecified"	"C00-C14 Malignant neoplasms of lip, oral cavity and pharynx"	
C03 Malignant neoplasm of gum	ICD-10	C03	Malignant neoplasm of gum	Ikenen syöpä	"C03.0& Malignant neoplasm of upper gum; C03.1& Malignant neoplasm of lower gum; C03.9& Malignant neoplasm of gum, unspecified"	"C00-C14 Malignant neoplasms of lip, oral cavity and pharynx"	
C04 Malignant neoplasm of floor of mouth	ICD-10	C04	Malignant neoplasm of floor of mouth	Suunpohjan syöpä	"C04.0& Malignant neoplasm of anterior floor of mouth; C04.1& Malignant neoplasm of lateral floor of mouth; C04.8& Malignant overlapping lesion of floor of mouth; C04.9& Malignant neoplasm of floor of mouth, unspecified"	"C00-C14 Malignant neoplasms of lip, oral cavity and pharynx"	
C05 Malignant neoplasm of palate	ICD-10	C05	Malignant neoplasm of palate	Suulaen syöpä	"C05.0& Malignant neoplasm of hard palate; C05.1& Malignant neoplasm of soft palate; C05.2& Malignant neoplasm of uvula; C05.8& Malignant overlapping lesion of palate; C05.9& Malignant neoplasm of palate, unspecified"	"C00-C14 Malignant neoplasms of lip, oral cavity and pharynx"	
C06 Malignant neoplasm of other and unspecified parts of mouth	ICD-10	C06	Malignant neoplasm of other and unspecified parts of mouth	Suuontelon muun tai määrittämättömän osan syöpä	"C06.0& Malignant neoplasm of cheek mucosa; C06.1 Malignant neoplasm of vestibule of mouth; C06.2 Malignant neoplasm of retromolar area; C06.8& Malignant overlapping lesion of other and unspecified parts of mouth; C06.9& Malignant neoplasm of mouth, unspecified"	"C00-C14 Malignant neoplasms of lip, oral cavity and pharynx"	
C07 Malignant neoplasm of parotid gland	ICD-10	C07	Malignant neoplasm of parotid gland	Korvasylkirauhasen syöpä	C07.70&; C07.71&	"C00-C14 Malignant neoplasms of lip, oral cavity and pharynx"	
C08 Malignant neoplasm of other and unspecified major salivary glands	ICD-10	C08	Malignant neoplasm of other and unspecified major salivary glands	Muiden tai määrittämättömien suurten sylkirauhasten syöpä	"C08.0 Malignant neoplasm of submandibular gland; C08.1 Malignant neoplasm of sublingual gland; C08.8 Malignant overlapping lesion of major salivary glands; C08.9 Malignant neoplasm of major salivary gland, unspecified"	"C00-C14 Malignant neoplasms of lip, oral cavity and pharynx"	
C09 Malignant neoplasm of tonsil	ICD-10	C09	Malignant neoplasm of tonsil	Nielurisan syöpä	"C09.0& Malignant neoplasm of tonsillar fossa; C09.1& Malignant neoplasm of tonsillar pillar (anterior)(posterior); C09.8& Malignant overlapping lesion of tonsil; C09.9& Malignant neoplasm of tonsil, unspecified"	"C00-C14 Malignant neoplasms of lip, oral cavity and pharynx"	
C10 Malignant neoplasm of oropharynx	ICD-10	C10	Malignant neoplasm of oropharynx	Suunielun syöpä	"C10.0& Malignant neoplasm of vallecula; C10.1& Malignant neoplasm of anterior surface of epiglottis; C10.2& Malignant neoplasm of lateral wall of oropharynx; C10.3& Malignant neoplasm of posterior wall of oropharynx; C10.4& Branchial cleft; C10.8& Overlapping lesion of oropharynx; C10.9& Oropharynx, unspecified"	"C00-C14 Malignant neoplasms of lip, oral cavity and pharynx"	
C11 Malignant neoplasm of nasopharynx	ICD-10	C11	Malignant neoplasm of nasopharynx	Nenänielun syöpä	"C11.0& Superior wall of nasopharynx; C11.1& Posterior wall of nasopharynx; C11.2& Lateral wall of nasopharynx; C11.3& Anterior wall of nasopharynx; C11.8& Overlapping lesion of nasopharynx; C11.9& Nasopharynx, unspecified"	"C00-C14 Malignant neoplasms of lip, oral cavity and pharynx"	
C12& Malignant neoplasm of pyriform sinus	ICD-10	C12&	Malignant neoplasm of pyriform sinus	Päärynänmuotoisen syvennyksen syöpä		"C00-C14 Malignant neoplasms of lip, oral cavity and pharynx"	
C13 Malignant neoplasm of hypopharynx	ICD-10	C13	Malignant neoplasm of hypopharynx	Alanielun syöpä	"C13.0& Postcricoid region; C13.1& Aryepiglottic fold, hypopharyngeal aspect; C13.2& Posterior wall of hypopharynx; C13.8& Overlapping lesion of hypopharynx; C13.9& Hypopharynx, unspecified"	"C00-C14 Malignant neoplasms of lip, oral cavity and pharynx"	
"C14 Malignant neoplasm of other and ill-defined sites in the lip, oral cavity and pharynx"	ICD-10	C14	"Malignant neoplasm of other and ill-defined sites in the lip, oral cavity and pharynx"	"Muualla sijaitseva tai sijainniltaan määrittämätön huulen, suuontelon tai nielun syöpä"	"C14.0& Pharynx, unspecified; C14.1& Laryngopharynx; C14.2& Waldeyer's ring; C14.8& Overlapping lesion of lip, oral cavity and pharynx"	"C00-C14 Malignant neoplasms of lip, oral cavity and pharynx"	
C15-C26 Malignant neoplasms of digestive organs	ICD-10	C15-C26	Malignant neoplasms of digestive organs	Ruuansulatuselinten pahanlaatuiset kasvaimet	C15 Malignant neoplasm of oesophagus; C16 Malignant neoplasm of stomach; C17 Malignant neoplasm of small intestine; C18 Malignant neoplasm of colon; C19& Malignant neoplasm of rectosigmoid junction; C20 Malignant neoplasm of rectum; C21 Malignant neoplasm of anus and anal canal; C22 Malignant neoplasm of liver and intrahepatic bile ducts; C23& Malignant neoplasm of gallbladder; C24 Malignant neoplasm of other and unspecified parts of biliary tract; C25 Malignant neoplasm of pancreas; C26 Malignant neoplasm of other and ill-defined digestive organs	C00-C97	
C15 Malignant neoplasm of oesophagus	ICD-10	C15	Malignant neoplasm of oesophagus	Ruokatorvisyöpä	"C15.0& Cervical part of oesophagus; C15.1& Thoracic part of oesophagus; C15.2& Abdominal part of oesophagus; C15.3& Upper third of oesophagus; C15.4& Middle third of oesophagus; C15.5& Lower third of oesophagus; C15.8& Overlapping lesion of oesophagus; C15.9& Oesophagus, unspecified"	C15-C26 Malignant neoplasms of digestive organs	
C16 Malignant neoplasm of stomach	ICD-10	C16	Malignant neoplasm of stomach	Mahasyöpä	"C16.0 Cardia; C16.1 Fundus of stomach; C16.2 Body of stomach; C16.3& Pyloric antrum; C16.4& Pylorus; C16.5& Lesser curvature of stomach, unspecified; C16.6& Greater curvature of stomach, unspecified; C16.8& Overlapping lesion of stomach; C16.9& Stomach, unspecified"	C15-C26 Malignant neoplasms of digestive organs	
C17 Malignant neoplasm of small intestine	ICD-10	C17	Malignant neoplasm of small intestine	Ohutsuolen syöpä	"C17.0& Duodenum; C17.1& Jejunum; C17.2& Ileum; C17.3& Meckel's diverticulum; C17.8& Overlapping lesion of small intestine; C17.9& Small intestine, unspecified"	C15-C26 Malignant neoplasms of digestive organs	
C18 Malignant neoplasm of colon	ICD-10	C18	Malignant neoplasm of colon	Koolonin syöpä	"C18.0 Caecum; C18.1 Appendix; C18.2 Ascending colon; C18.3 Hepatic flexure; C18.4 Transverse colon; C18.5 Splenic flexure; C18.6 Descending colon; C18.7 Sigmoid colon; C18.8 Overlapping lesion of colon; C18.9 Colon, unspecified"	C15-C26 Malignant neoplasms of digestive organs	
C19& Malignant neoplasm of rectosigmoid junction	ICD-10	C19&	Malignant neoplasm of rectosigmoid junction	Peräsuolen ja sigmasuolen raja-alueen syöpä		C15-C26 Malignant neoplasms of digestive organs	
C20 Malignant neoplasm of rectum	ICD-10	C20	Malignant neoplasm of rectum	Peräsuolen syöpä	C20.90&; C20.91&; C20.92&; C20.99&	C15-C26 Malignant neoplasms of digestive organs	
C21 Malignant neoplasm of anus and anal canal	ICD-10	C21	Malignant neoplasm of anus and anal canal	Peräaukon ja/tai peräaukkokanavan syöpä	"C21.0& Anus, unspecified; C21.1& Anal canal; C21.2& Cloacogenic zone; C21.8& Overlapping lesion of rectum, anus and anal canal"	C15-C26 Malignant neoplasms of digestive organs	
C22 Malignant neoplasm of liver and intrahepatic bile ducts	ICD-10	C22	Malignant neoplasm of liver and intrahepatic bile ducts	Maksan tai maksansisäisten sappiteiden syöpä	"C22.0& Liver cell carcinoma; C22.1& Intrahepatic bile duct carcinoma; C22.2& Hepatoblastoma; C22.3& Angiosarcoma of liver; C22.4& Other sarcomas of liver; C22.7& Other specified carcinomas of liver; C22.9& Liver, unspecified"	C15-C26 Malignant neoplasms of digestive organs	
C23& Malignant neoplasm of gallbladder	ICD-10	C23&	Malignant neoplasm of gallbladder	Sappirakon syöpä		C15-C26 Malignant neoplasms of digestive organs	
C24 Malignant neoplasm of other and unspecified parts of biliary tract	ICD-10	C24	Malignant neoplasm of other and unspecified parts of biliary tract	Muiden tai määrittämättömien sappiteiden osien syöpä	"C24.0 Extrahepatic bile duct; C24.1& Ampulla of Vater; C24.8& Overlapping lesion of biliary tract; C24.9& Biliary tract, unspecified"	C15-C26 Malignant neoplasms of digestive organs	
C25 Malignant neoplasm of pancreas	ICD-10	C25	Malignant neoplasm of pancreas	Haimasyöpä	"C25.0& Head of pancreas; C25.1& Body of pancreas; C25.2& Tail of pancreas; C25.3& Pancreatic duct; C25.4& Endocrine pancreas; C25.7& Other parts of pancreas; C25.8& Overlapping lesion of pancreas; C25.9& Pancreas, unspecified"	C15-C26 Malignant neoplasms of digestive organs	
C26 Malignant neoplasm of other and ill-defined digestive organs	ICD-10	C26	Malignant neoplasm of other and ill-defined digestive organs	Muiden tai epätäydellisesti määritettyjen ruuansulatuselinten syöpä	"C26.0& Intestinal tract, part unspecified; C26.1& Spleen; C26.8& Overlapping lesion of digestive system; C26.9& Ill-defined sites within the digestive system"	C15-C26 Malignant neoplasms of digestive organs	
C30-C39 Malignant neoplasms of respiratory and intrathoracic organs	ICD-10	C30-C39	Malignant neoplasms of respiratory and intrathoracic organs	Hengityselinten ja rintaontelon elinten pahanlaatuiset kasvaimet	"C30 Malignant neoplasm of nasal cavity and middle ear; C31 Malignant neoplasm of accessory sinuses; C32 Malignant neoplasm of larynx; C33 Malignant neoplasm of trachea; C34 Malignant neoplasm of bronchus and lung; C37& Malignant neoplasm of thymus; C38 Malignant neoplasm of heart, mediastinum and pleura; C39 Malignant neoplasm of other and ill-defined sites in the respiratory system and intrathoracic organs"	C00-C97	
C30 Malignant neoplasm of nasal cavity and middle ear	ICD-10	C30	Malignant neoplasm of nasal cavity and middle ear	Nenäontelon tai välikorvan syöpä	C30.0& Malignant neoplasm of nasal cavity and middle ear; C30.1& Middle ear	C30-C39 Malignant neoplasms of respiratory and intrathoracic organs	
C31 Malignant neoplasm of accessory sinuses	ICD-10	C31	Malignant neoplasm of accessory sinuses	Nenän sivuontelo(ide)n syöpä	"C31.0& Maxillary sinus; C31.1& Ethmoidal sinus; C31.2& Frontal sinus; C31.3& Sphenoidal sinus; C31.8& Overlapping lesion of accessory sinuses; C31.9& Accessory sinus, unspecified"	C30-C39 Malignant neoplasms of respiratory and intrathoracic organs	
C32 Malignant neoplasm of larynx	ICD-10	C32	Malignant neoplasm of larynx	Kurkunpääsyöpä	"C32.0& Glottis; C32.1& Supraglottis; C32.2& Subglottis; C32.3& Laryngeal cartilage; C32.8& Overlapping lesion of larynx; C32.9& Larynx, unspecified"	C30-C39 Malignant neoplasms of respiratory and intrathoracic organs	
C33 Malignant neoplasm of trachea	ICD-10	C33	Malignant neoplasm of trachea	Henkitorvisyöpä	C33.90&; C33.91&; C33.92&; C33.93&; C33.94&; C33.95&; C33.96&; C33.97&; C33.99&	C30-C39 Malignant neoplasms of respiratory and intrathoracic organs	
C34 Malignant neoplasm of bronchus and lung	ICD-10	C34	Malignant neoplasm of bronchus and lung	Keuhkoputken ja/tai keuhkon syöpä	"C34.0 Main bronchus; C34.1 Upper lobe, bronchus or lung; C34.2 Middle lobe, bronchus or lung; C34.3 Lower lobe, bronchus or lung; C34.8 Overlapping lesion of bronchus and lung; C34.9 Bronchus or lung, unspecified"	C30-C39 Malignant neoplasms of respiratory and intrathoracic organs	
C37& Malignant neoplasm of thymus	ICD-10	C37&	Malignant neoplasm of thymus	Kateenkorvasyöpä		C30-C39 Malignant neoplasms of respiratory and intrathoracic organs	
"C38 Malignant neoplasm of heart, mediastinum and pleura"	ICD-10	C38	"Malignant neoplasm of heart, mediastinum and pleura"	"Sydämen, välikarsinan ja/tai keuhkopussin syöpä"	"C38.0& Heart; C38.1& Anterior mediastinum; C38.2& Posterior mediastinum; C38.3& Mediastinum, part unspecified; C38.4& Pleura; C38.8& Overlapping lesion of heart, mediastinum and pleura"	C30-C39 Malignant neoplasms of respiratory and intrathoracic organs	
C39 Malignant neoplasm of other and ill-defined sites in the respiratory system and intrathoracic organs	ICD-10	C39	Malignant neoplasm of other and ill-defined sites in the respiratory system and intrathoracic organs	Muualla sijaitsevien tai sijainniltaan määrittämättömien hengityselinten tai rintaontelon elinten syöpä	"C39.0& Upper respiratory tract, part unspecified; C39.8& Overlapping lesion of respiratory and intrathoracic organs; C39.9& Ill-defined sites within the respiratory system"	C30-C39 Malignant neoplasms of respiratory and intrathoracic organs	
C40-C41 Malignant neoplasms of bone and articular cartilage	ICD-10	C40-C41	Malignant neoplasms of bone and articular cartilage	Luun ja nivelruston pahanlaatuiset kasvaimet	C40 Malignant neoplasm of bone and articular cartilage of limbs; C41 Malignant neoplasm of bone and articular cartilage of other and unspecified sites	C00-C97	
C40 Malignant neoplasm of bone and articular cartilage of limbs	ICD-10	C40	Malignant neoplasm of bone and articular cartilage of limbs	Raajan luun ja/tai nivelruston syöpä	"C40.0 Scapula and long bones of upper limb; C40.1 Short bones of upper limb; C40.2 Long bones of lower limb; C40.3 Short bones of lower limb; C40.8 Overlapping lesion of bone and articular cartilage of limbs; C40.9 Bone and articular cartilage of limb, unspecified; C40.99+M90.6 Osteitis deformans in malignant neoplasm of bone (C40-C41+)"	C40-C41 Malignant neoplasms of bone and articular cartilage	
C41 Malignant neoplasm of bone and articular cartilage of other and unspecified sites	ICD-10	C41	Malignant neoplasm of bone and articular cartilage of other and unspecified sites	Muualla sijaitsevan tai sijainniltaan määrittämättömän luun tai nivelruston syöpä	"C41.0 Bones of skull and face; C41.08&; C41.09&; C41.1 Mandible; C41.2 Vertebral column; C41.3 Ribs, sternum and clavicle; C41.4 Pelvic bones, sacrum and coccyx; C41.8 Overlapping lesion of bone and articular cartilage; C41.9 Bone and articular cartilage, unspecified; C41.99+M90.6 Osteitis deformans in malignant neoplasm of bone (C40-C41+)"	C40-C41 Malignant neoplasms of bone and articular cartilage	
C43-C44 Melanoma and other malignant neoplasms of skin	ICD-10	C43-C44	Melanoma and other malignant neoplasms of skin	Melanooma ja muut pahanlaatuiset ihokasvaimet	C43 Malignant melanoma of skin; C44 Other malignant neoplasms of skin	C00-C97	
C43 Malignant melanoma of skin	ICD-10	C43	Malignant melanoma of skin	Ihon melanooma	"C43.0 Malignant melanoma of lip; C43.1 Malignant melanoma of eyelid, including canthus; C43.2 Malignant melanoma of ear and external auricular canal; C43.3 Malignant melanoma of other and unspecified parts of face; C43.4 Malignant melanoma of scalp and neck; C43.5 Malignant melanoma of trunk; C43.6 Malignant melanoma of upper limb, including shoulder; C43.7 Malignant melanoma of lower limb, including hip; C43.8 Overlapping malignant melanoma of skin; C43.9 Malignant melanoma of skin, unspecified"	C43-C44 Melanoma and other malignant neoplasms of skin	
C44 Other malignant neoplasms of skin	ICD-10	C44	Other malignant neoplasms of skin	Muut pahanlaatuiset ihokasvaimet	"C44.0 Skin of lip; C44.1 Skin of eyelid, including canthus; C44.2 Skin of ear and external auricular canal; C44.3 Skin of other and unspecified parts of face; C44.4 Skin of scalp and neck; C44.5 Skin of trunk; C44.6 Skin of upper limb, including shoulder; C44.7 Skin of lower limb, including hip; C44.8 Overlapping lesion of skin; C44.9 Malignant neoplasm of skin, unspecified"	C43-C44 Melanoma and other malignant neoplasms of skin	
C45-C49 Malignant neoplasms of mesothelial and soft tissue	ICD-10	C45-C49	Malignant neoplasms of mesothelial and soft tissue	"Mesoteelikudoksen, ääreishermojen sekä muun pehmytkudoksen pahanlaatuiset kasvaimet"	C45 Mesothelioma; C46 Kaposi's sarcoma; C47 Malignant neoplasm of peripheral nerves and autonomic nervous system; C48 Malignant neoplasm of retroperitoneum and peritoneum; C49 Malignant neoplasm of other connective and soft tissue	C00-C97	
C45 Mesothelioma	ICD-10	C45	Mesothelioma	Mesoteliooma	"C45.0& Mesothelioma of pleura; C45.1& Mesothelioma of peritoneum; C45.2& Mesothelioma of pericardium; C45.7& Mesothelioma of other sites; C45.9& Mesothelioma, unspecified"	C45-C49 Malignant neoplasms of mesothelial and soft tissue	
C46 Kaposi's sarcoma	ICD-10	C46	Kaposi's sarcoma	Kaposin sarkooma	"C46.0& Kaposi's sarcoma of skin; C46.1& Kaposi's sarcoma of soft tissue; C46.2& Kaposi's sarcoma of palate; C46.3& Kaposi's sarcoma of lymph nodes; C46.7& Kaposi's sarcoma of other sites; C46.8& Kaposi's sarcoma of multiple organs; C46.9& Kaposi's sarcoma, unspecified"	C45-C49 Malignant neoplasms of mesothelial and soft tissue	
C47 Malignant neoplasm of peripheral nerves and autonomic nervous system	ICD-10	C47	Malignant neoplasm of peripheral nerves and autonomic nervous system	Ääreishermojen ja/tai autonomisen hermoston syöpä	"C47.0 Peripheral nerves of head, face and neck; C47.1 Peripheral nerves of upper limb, including shoulder; C47.2 Peripheral nerves of lower limb, including hip; C47.3 Peripheral nerves of thorax; C47.4 Peripheral nerves of abdomen; C47.5 Peripheral nerves of pelvis; C47.6 Peripheral nerves of trunk, unspecified; C47.8 Overlapping lesion of peripheral nerves and autonomic nervous system; C47.9 Peripheral nerves and autonomic nervous system, unspecified"	C45-C49 Malignant neoplasms of mesothelial and soft tissue	
C48 Malignant neoplasm of retroperitoneum and peritoneum	ICD-10	C48	Malignant neoplasm of retroperitoneum and peritoneum	Vatsakalvon ja/tai vatsaontelontakaisen tilan syöpä	"C48.0 Retroperitoneum; C48.1 Specified parts of peritoneum; C48.2 Peritoneum, unspecified; C48.8 Overlapping lesion of retroperitoneum and peritoneum"	C45-C49 Malignant neoplasms of mesothelial and soft tissue	
C49 Malignant neoplasm of other connective and soft tissue	ICD-10	C49	Malignant neoplasm of other connective and soft tissue	Muun sidekudoksen ja muun pehmytkudoksen syöpä	"C49.0 Connective and soft tissue of head, face and neck; C49.1 Connective and soft tissue of upper limb, including shoulder; C49.2 Connective and soft tissue of lower limb, including hip; C49.3 Connective and soft tissue of thorax; C49.4 Connective and soft tissue of abdomen; C49.5 Connective and soft tissue of pelvis; C49.6 Connective and soft tissue of trunk, unspecified; C49.8 Overlapping lesion of connective and soft tissue; C49.9 Connective and soft tissue, unspecified"	C45-C49 Malignant neoplasms of mesothelial and soft tissue	
C50-C50	ICD-10	C50-C50		Rinnan pahanlaatuiset kasvaimet	C50 Malignant neoplasm of breast	C00-C97	
C50 Malignant neoplasm of breast	ICD-10	C50	Malignant neoplasm of breast	Rintasyöpä	C50.0 Nipple and areola; C50.1 Central portion of breast; C50.2 Upper-inner quadrant of breast; C50.3 Lower-inner quadrant of breast; C50.4 Upper-outer quadrant of breast; C50.5 Lower-outer quadrant of breast; C50.6 Axillary tail of breast; C50.8 Overlapping lesion of breast; C50.9	C50-C50	
C51-C58 Malignant neoplasms of female genital organs	ICD-10	C51-C58	Malignant neoplasms of female genital organs	Naisen sukupuolielinten pahanlaatuiset kasvaimet	"C51 Malignant neoplasm of vulva; C52 Malignant neoplasm of vagina; C53 Malignant neoplasm of cervix uteri; C54 Malignant neoplasm of corpus uteri; C55 Malignant neoplasm of uterus, part unspecified; C55& Malignant neoplasm of uterus, part unspecified; C56 Malignant neoplasm of ovary; C57 Malignant neoplasm of other and unspecified female genital organs; C58 Malignant neoplasm of placenta; C58& Malignant neoplasm of placenta"	C00-C97	
C51 Malignant neoplasm of vulva	ICD-10	C51	Malignant neoplasm of vulva	Ulkosynnyttimien syöpä	"C51.0 Labium majus; C51.1& Labium minoris; C51.2& Clitoris; C51.8& Overlapping lesion of vulva; C51.9& Vulva, unspecified"	C51-C58 Malignant neoplasms of female genital organs	
C52 Malignant neoplasm of vagina	ICD-10	C52	Malignant neoplasm of vagina	Emättimen syöpä	C52.90& Malignant neoplasm of vagina without histologic examination; C52.91&; C52.92&; C52.93&; C52.99&	C51-C58 Malignant neoplasms of female genital organs	
C53 Malignant neoplasm of cervix uteri	ICD-10	C53	Malignant neoplasm of cervix uteri	Kohdunkaulan syöpä	"C53.0 Endocervix; C53.1 Exocervix; C53.8 Overlapping lesion of cervix uteri; C53.9 Cervix uteri, unspecified"	C51-C58 Malignant neoplasms of female genital organs	
C54 Malignant neoplasm of corpus uteri	ICD-10	C54	Malignant neoplasm of corpus uteri	Kohdun runko-osan syöpä	"C54.0& Isthmus uteri; C54.1 Endometrium; C54.2 Myometrium; C54.3& Fundus uteri; C54.8& Overlapping lesion of corpus uteri; C54.9& Corpus uteri, unspecified"	C51-C58 Malignant neoplasms of female genital organs	
"C55 Malignant neoplasm of uterus, part unspecified"	ICD-10	C55	"Malignant neoplasm of uterus, part unspecified"	Sijainniltaan määrittämätön kohtusyöpä		C51-C58 Malignant neoplasms of female genital organs	
"C55& Malignant neoplasm of uterus, part unspecified"	ICD-10	C55&	"Malignant neoplasm of uterus, part unspecified"	Sijainniltaan määrittämätön kohtusyöpä		C51-C58 Malignant neoplasms of female genital organs	
C56 Malignant neoplasm of ovary	ICD-10	C56	Malignant neoplasm of ovary	Munasarjasyöpä	C56.00&; C56.71&; C56.72&; C56.73&; C56.74&; C56.79&; C56.91&; C56.92&; C56.98&	C51-C58 Malignant neoplasms of female genital organs	
C57 Malignant neoplasm of other and unspecified female genital organs	ICD-10	C57	Malignant neoplasm of other and unspecified female genital organs	Naisen muun tai määrittämättömän sukupuolielimen syöpä	"C57.0& Fallopian tube; C57.1& Broad ligament; C57.2& Round ligament; C57.3& Parametrium; C57.4& Uterine adnexa, unspecified; C57.7& Other specified female genital organs; C57.8& Overlapping lesion of female genital organs; C57.9& Female genital organ, unspecified"	C51-C58 Malignant neoplasms of female genital organs	
C58 Malignant neoplasm of placenta	ICD-10	C58	Malignant neoplasm of placenta	Istukkasyöpä		C51-C58 Malignant neoplasms of female genital organs	
C58& Malignant neoplasm of placenta	ICD-10	C58&	Malignant neoplasm of placenta	Istukkasyöpä		C51-C58 Malignant neoplasms of female genital organs	
C60-C63 Malignant neoplasms of male genital organs	ICD-10	C60-C63	Malignant neoplasms of male genital organs	Miehen sukupuolielinten pahanlaatuiset kasvaimet	C60 Malignant neoplasm of penis; C61 Malignant neoplasm of prostate; C61& Malignant neoplasm of prostate; C62 Malignant neoplasm of testis; C63 Malignant neoplasm of other and unspecified male genital organs	C00-C97	
C60 Malignant neoplasm of penis	ICD-10	C60	Malignant neoplasm of penis	Siittimen syöpä	"C60.0& Prepuce; C60.1& Glans penis; C60.2& Body of penis; C60.8& Overlapping lesion of penis; C60.9& Penis, unspecified"	C60-C63 Malignant neoplasms of male genital organs	
C61 Malignant neoplasm of prostate	ICD-10	C61	Malignant neoplasm of prostate	Eturauhassyöpä		C60-C63 Malignant neoplasms of male genital organs	
C61& Malignant neoplasm of prostate	ICD-10	C61&	Malignant neoplasm of prostate	Eturauhassyöpä		C60-C63 Malignant neoplasms of male genital organs	
C62 Malignant neoplasm of testis	ICD-10	C62	Malignant neoplasm of testis	Kivessyöpä	"C62.0 Undescended testis; C62.1 Descended testis; C62.9 Testis, unspecified"	C60-C63 Malignant neoplasms of male genital organs	
C63 Malignant neoplasm of other and unspecified male genital organs	ICD-10	C63	Malignant neoplasm of other and unspecified male genital organs	Miehen muun tai määrittämättömän sukupuolielimen syöpä	"C63.0& Epididymis; C63.1& Spermatic cord; C63.2& Scrotum; C63.7& Other specified male genital organs; C63.8& Overlapping lesion of male genital organs; C63.9& Male genital organ, unspecified"	C60-C63 Malignant neoplasms of male genital organs	
C64-C68 Malignant neoplasms of urinary tract	ICD-10	C64-C68	Malignant neoplasms of urinary tract	Virtsaelinten pahanlaatuiset kasvaimet	"C64 Malignant neoplasm of kidney, except renal pelvis; C65 Malignant neoplasm of renal pelvis; C65& Malignant neoplasm of renal pelvis; C66 Malignant neoplasm of ureter; C66& Malignant neoplasm of ureter; C67 Malignant neoplasm of bladder; C68 Malignant neoplasm of other and unspecified urinary organs"	C00-C97	
"C64 Malignant neoplasm of kidney, except renal pelvis"	ICD-10	C64	"Malignant neoplasm of kidney, except renal pelvis"	Munuaissyöpä	"C64.80& Wilms tumour; C64.88& Other malignant neoplasm of kidney, except renal pelvis"	C64-C68 Malignant neoplasms of urinary tract	
C65 Malignant neoplasm of renal pelvis	ICD-10	C65	Malignant neoplasm of renal pelvis	Munuaisaltaan syöpä		C64-C68 Malignant neoplasms of urinary tract	
C65& Malignant neoplasm of renal pelvis	ICD-10	C65&	Malignant neoplasm of renal pelvis	Munuaisaltaan syöpä		C64-C68 Malignant neoplasms of urinary tract	
C66 Malignant neoplasm of ureter	ICD-10	C66	Malignant neoplasm of ureter	Virtsanjohtimen syöpä		C64-C68 Malignant neoplasms of urinary tract	
C66& Malignant neoplasm of ureter	ICD-10	C66&	Malignant neoplasm of ureter	Virtsanjohtimen syöpä		C64-C68 Malignant neoplasms of urinary tract	
C67 Malignant neoplasm of bladder	ICD-10	C67	Malignant neoplasm of bladder	Virtsarakkosyöpä	"C67.0& Trigone of bladder; C67.1& Dome of bladder; C67.2& Lateral wall of bladder; C67.3& Anterior wall of bladder; C67.4& Posterior wall of bladder; C67.5& Bladder neck; C67.6& Ureteric orifice; C67.7& Urachus; C67.8& Overlapping lesion of bladder; C67.9& Bladder, unspecified"	C64-C68 Malignant neoplasms of urinary tract	
C68 Malignant neoplasm of other and unspecified urinary organs	ICD-10	C68	Malignant neoplasm of other and unspecified urinary organs	Muun tai määrittämättömän virtsaelimen syöpä	"C68.0& Malignant neoplasm of urethra; C68.1& Paraurethral gland; C68.8& Overlapping lesion of urinary organs; C68.9& Urinary organ, unspecified"	C64-C68 Malignant neoplasms of urinary tract	
"C69-C72 Malignant neoplasms of eye, brain and other parts of central nervous system"	ICD-10	C69-C72	"Malignant neoplasms of eye, brain and other parts of central nervous system"	"Silmän, keskushermoston ja aivohermojen pahanlaatuiset kasvaimet"	"C69 Malignant neoplasm of eye and adnexa; C70 Malignant neoplasm of meninges; C71 Malignant neoplasm of brain; C72 Malignant neoplasm of spinal cord, cranial nerves and other parts of central nervous system"	C00-C97	
C69 Malignant neoplasm of eye and adnexa	ICD-10	C69	Malignant neoplasm of eye and adnexa	Silmän ja/tai sen apuelinten syöpä	"C69.0 Conjunctiva; C69.1 Cornea; C69.2 Retina; C69.3 Choroid; C69.4 Ciliary body; C69.5 Lacrimal gland and duct; C69.6 Orbit; C69.8 Overlapping lesion of eye and adnexa; C69.9 Eye, unspecified"	"C69-C72 Malignant neoplasms of eye, brain and other parts of central nervous system"	
C70 Malignant neoplasm of meninges	ICD-10	C70	Malignant neoplasm of meninges	Keskushermostokalvojen syöpä	"C70.0& Cerebral meninges; C70.1& Spinal meninges; C70.9& Meninges, unspecified"	"C69-C72 Malignant neoplasms of eye, brain and other parts of central nervous system"	
C71 Malignant neoplasm of brain	ICD-10	C71	Malignant neoplasm of brain	Aivosyöpä	"C71.0 Cerebrum, except lobes and ventricles; C71.1 Frontal lobe; C71.2 Temporal lobe; C71.3 Parietal lobe; C71.4 Occipital lobe; C71.5& Cerebral ventricle; C71.6 Cerebellum; C71.7 Brain stem; C71.8 Overlapping lesion of brain; C71.9 Brain, unspecified"	"C69-C72 Malignant neoplasms of eye, brain and other parts of central nervous system"	
"C72 Malignant neoplasm of spinal cord, cranial nerves and other parts of central nervous system"	ICD-10	C72	"Malignant neoplasm of spinal cord, cranial nerves and other parts of central nervous system"	Selkäytimen tai keskushermoston muiden osien syöpä tai aivohermojen syöpä	"C72.0 Spinal cord; C72.1& Cauda equina; C72.2& Olfactory nerve; C72.3& Optic nerve; C72.4& Acoustic nerve; C72.5& Other and unspecified cranial nerves; C72.8& Overlapping lesion of brain and other parts of central nervous system; C72.9& Central nervous system, unspecified"	"C69-C72 Malignant neoplasms of eye, brain and other parts of central nervous system"	
C73-C75 Malignant neoplasms of thyroid and other endocrine glands	ICD-10	C73-C75	Malignant neoplasms of thyroid and other endocrine glands	Kilpirauhasen ja muiden umpirauhasten pahanlaatuiset kasvaimet	C73 Malignant neoplasm of thyroid gland; C74 Malignant neoplasm of adrenal gland; C75 Malignant neoplasm of other endocrine glands and related structures	C00-C97	
C73 Malignant neoplasm of thyroid gland	ICD-10	C73	Malignant neoplasm of thyroid gland	Kilpirauhassyöpä	C73.90&; C73.91&; C73.92&; C73.93&; C73.94&; C73.99&	C73-C75 Malignant neoplasms of thyroid and other endocrine glands	
C74 Malignant neoplasm of adrenal gland	ICD-10	C74	Malignant neoplasm of adrenal gland	Lisämunuaissyöpä	"C74.0& Cortex of adrenal gland; C74.1& Medulla of adrenal gland; C74.9& Adrenal gland, unspecified"	C73-C75 Malignant neoplasms of thyroid and other endocrine glands	
C75 Malignant neoplasm of other endocrine glands and related structures	ICD-10	C75	Malignant neoplasm of other endocrine glands and related structures	Muiden umpirauhasten tai lähisukuisten elinten syöpä	"C75.0& Parathyroid gland; C75.1& Pituitary gland; C75.2& Craniopharyngeal duct; C75.3& Pineal gland; C75.4& Carotid body; C75.5& Aortic body and other paraganglia; C75.8& Pluriglandular involvement, unspecified; C75.9& Endocrine gland, unspecified"	C73-C75 Malignant neoplasms of thyroid and other endocrine glands	
"C76-C80 Malignant neoplasms of ill-defined, secondary and unspecified sites"	ICD-10	C76-C80	"Malignant neoplasms of ill-defined, secondary and unspecified sites"	"Pahanlaatuiset kasvaimet, joiden sijaintipaikka on epäselvä, sekundaarinen tai määrittämätön"	C76 Malignant neoplasm of other and ill-defined sites; C77 Secondary and unspecified malignant neoplasm of lymph nodes; C78 Secondary malignant neoplasm of respiratory and digestive organs; C79 Secondary malignant neoplasm of other sites; C80 Malignant neoplasm without specification of site	C00-C97	
C76 Malignant neoplasm of other and ill-defined sites	ICD-10	C76	Malignant neoplasm of other and ill-defined sites	Muualla luokittelemattomassa paikassa sijaitseva tai sijainniltaan epätarkasti määritetty syöpä	"C76.0& Head, face and neck; C76.1& Thorax; C76.2& Abdomen; C76.3& Pelvis; C76.4& Upper limb; C76.5& Lower limb; C76.7& Other ill-defined sites; C76.8& Overlapping lesion of other and ill-defined sites"	"C76-C80 Malignant neoplasms of ill-defined, secondary and unspecified sites"	
C77 Secondary and unspecified malignant neoplasm of lymph nodes	ICD-10	C77	Secondary and unspecified malignant neoplasm of lymph nodes	Syövän etäpesäke (sekundaarinen syöpä) tai määrittämätön pahanlaatuinen kasvain imusolmukkeessa	"C77.0& Lymph nodes of head, face and neck; C77.1& Intrathoracic lymph nodes; C77.2& Intra-abdominal lymph nodes; C77.3& Axillary and upper limb lymph nodes; C77.4& Inguinal and lower limb lymph nodes; C77.5& Intrapelvic lymph nodes; C77.8& Lymph nodes of multiple regions; C77.9& Lymph node, unspecified"	"C76-C80 Malignant neoplasms of ill-defined, secondary and unspecified sites"	
C78 Secondary malignant neoplasm of respiratory and digestive organs	ICD-10	C78	Secondary malignant neoplasm of respiratory and digestive organs	Syövän etäpesäke (sekundaarinen syöpä) hengityselimissä tai ruuansulatuselimissä	C78.0& Secondary malignant neoplasm of lung; C78.1& Secondary malignant neoplasm of mediastinum; C78.2& Secondary malignant neoplasm of pleura; C78.30&; C78.31&; C78.39& Secondary malignant neoplasm of other and unspecified respiratory organs; C78.4& Secondary malignant neoplasm of small intestine; C78.5& Secondary malignant neoplasm of large intestine and rectum; C78.6& Secondary malignant neoplasm of retroperitoneum and peritoneum; C78.7& Secondary malignant neoplasm of liver; C78.8& Secondary malignant neoplasm of other and unspecified digestive organs	"C76-C80 Malignant neoplasms of ill-defined, secondary and unspecified sites"	
C79 Secondary malignant neoplasm of other sites	ICD-10	C79	Secondary malignant neoplasm of other sites	Muualla sijaitseva syövän etäpesäke (sekundaarinen syöpä)	C79.0& Secondary malignant neoplasm of kidney and renal pelvis; C79.1& Secondary malignant neoplasm of bladder and other and unspecified urinary organs; C79.2& Secondary malignant neoplasm of skin; C79.30&; C79.31&; C79.32&; C79.39&; C79.40&; C79.41&; C79.42&; C79.49& Secondary malignant neoplasm of other and unspecified parts of nervous system; C79.5& Secondary malignant neoplasm of bone and bone marrow; C79.5+M49.5 Metastatic fracture of vertebra; C79.6& Secondary malignant neoplasm of ovary; C79.7& Secondary malignant neoplasm of adrenal gland; C79.8& Secondary malignant neoplasm of other specified sites	"C76-C80 Malignant neoplasms of ill-defined, secondary and unspecified sites"	
C80 Malignant neoplasm without specification of site	ICD-10	C80	Malignant neoplasm without specification of site	Sijainniltaan määrittämätön syöpä	C80.90&; C80.91&; C80.92&; C80.98&; C80.99&; C80.99+G73.1 Eaton-Lambert syndrome	"C76-C80 Malignant neoplasms of ill-defined, secondary and unspecified sites"	
"C81-C96 Malignant neoplasms of lymphoid, haematopoietic and related tissue"	ICD-10	C81-C96	"Malignant neoplasms of lymphoid, haematopoietic and related tissue"	"Imukudoksen, verta muodostavien kudosten ja lähisukuisten kudosten pahanlaatuiset kasvaimet"	"C81 Hodgkin's disease; C82 Follicular [nodular] non-Hodgkin's lymphoma; C83 Diffuse non-Hodgkin's lymphoma; C84 Peripheral and cutaneous T-cell lymphomas; C85 Other and unspecified types of non-Hodgkin's lymphoma; C88 Malignant immunoproliferative diseases; C90 Multiple myeloma and malignant plasma cell neoplasms; C91 Lymphoid leukaemia; C92 Myeloid leukaemia; C93 Monocytic leukaemia; C94 Other leukaemias of specified cell type; C95 Leukaemia of unspecified cell type; C96 Other and unspecified malignant neoplasms of lymphoid, haematopoietic and related tissue"	C00-C97	
C81 Hodgkin's disease	ICD-10	C81	Hodgkin's disease	Hodgkinin tauti	"C81.0& Lymphocytic predominance; C81.1 Nodular sclerosis; C81.2 Mixed cellularity; C81.3 Lymphocytic depletion; C81.7 Other Hodgkin's disease; C81.9 Hodgkin's disease, unspecified"	"C81-C96 Malignant neoplasms of lymphoid, haematopoietic and related tissue"	
C82 Follicular [nodular] non-Hodgkin's lymphoma	ICD-10	C82	Follicular [nodular] non-Hodgkin's lymphoma	Nodulaarinen (follikulaarinen) non-Hodgkin-lymfooma	"C82.00; C82.01; C82.1; C82.2; C82.7 Other types of follicular non-Hodgkin's lymphoma; C82.9 Follicular non-Hodgkin's lymphoma, unspecified"	"C81-C96 Malignant neoplasms of lymphoid, haematopoietic and related tissue"	
C83 Diffuse non-Hodgkin's lymphoma	ICD-10	C83	Diffuse non-Hodgkin's lymphoma	Diffuusi non-Hodgkin-lymfooma	"C83.00; C83.01; C83.1 Mantle cell lymphoma, unspecified site; C83.2; C83.3 Diffuse large B-cell lymphoma; C83.32; C83.33; C83.34; C83.35; C83.39; C83.40; C83.41 Immunoblastic (diffuse); C83.51; C83.52; C83.59 Lymphoblastic (diffuse) lymphoma extranodal and solid organ sites; C83.6 Undifferentiated (diffuse); C83.70; C83.71 Burkitt's tumour; C83.80; C83.89 Other types of diffuse non-Hodgkin's lymphoma; C83.9 Diffuse non-Hodgkin's lymphoma, unspecified"	"C81-C96 Malignant neoplasms of lymphoid, haematopoietic and related tissue"	
C84 Peripheral and cutaneous T-cell lymphomas	ICD-10	C84	Peripheral and cutaneous T-cell lymphomas	Perifeeriset ja ihon T-solulymfoomat	C84.0 Mycosis fungoides; C84.1 Sézary's disease; C84.2 T-zone lymphoma; C84.3 Lymphoepithelioid lymphoma; C84.4 Peripheral T-cell lymphoma; C84.51 Other and unspecified T-cell lymphomas; C84.52 Other and unspecified T-cell lymphomas; C84.59 Other and unspecified T-cell lymphomas	"C81-C96 Malignant neoplasms of lymphoid, haematopoietic and related tissue"	
C85 Other and unspecified types of non-Hodgkin's lymphoma	ICD-10	C85	Other and unspecified types of non-Hodgkin's lymphoma	Muut ja määrittämättömät non-Hodgkin-lymfooman tyypit	"C85.0 Lymphosarcoma; C85.1 B-cell lymphoma, unspecified; C85.7 Other specified types of non-Hodgkin's lymphoma; C85.9 Non-Hodgkin's lymphoma, unspecified type"	"C81-C96 Malignant neoplasms of lymphoid, haematopoietic and related tissue"	
C88 Malignant immunoproliferative diseases	ICD-10	C88	Malignant immunoproliferative diseases	Pahanlaatuiset immunoproliferatiiviset sairaudet	"C88.0 Waldenström's macroglobulinaemia; C88.0+N08.1 Glomerular disorders in Waldenström's macroglobulinaemia; C88.1 Alpha heavy chain disease; C88.2 Gamma heavy chain disease; C88.3 Immunoproliferative small intestinal disease; C88.7 Other malignant immunoproliferative diseases; C88.9 Malignant immunoproliferative disease, unspecified"	"C81-C96 Malignant neoplasms of lymphoid, haematopoietic and related tissue"	
C90 Multiple myeloma and malignant plasma cell neoplasms	ICD-10	C90	Multiple myeloma and malignant plasma cell neoplasms	Multippeli myelooma ja plasmasolujen pahanlaatuiset kasvaimet	"C90.0 Multiple myeloma; C90.0+M36.1 Arthropathy in multiple myeloma; C90.0+M49.5; C90.0+M82.0 Osteoporosis in multiple myelomatosis; C90.0+M90.7; C90.0+N08.1 Glomerular disorders in multiple myeloma; C90.0+N16.1 Renal tubulo-interstitial disorders in multiple myeloma; C90.1 Plasma cell leukaemia; C90.2 Plasmacytoma, extramedullary; C90.3 Solitary plasmacytoma"	"C81-C96 Malignant neoplasms of lymphoid, haematopoietic and related tissue"	
C91 Lymphoid leukaemia	ICD-10	C91	Lymphoid leukaemia	Lymfaattinen leukemia	"C91.0 Acute lymphoblastic leukaemia [ALL]; C91.1 Chronic lymphocytic leukaemia [CLL]; C91.2 Subacute lymphocytic leukaemia; C91.3 Prolymphocytic leukaemia  of B-cell type; C91.4 Hairy-cell leukaemia; C91.5 Adult T-cell leukaemia; C91.7 Other lymphoid leukaemia; C91.9 Lymphoid leukaemia, unspecified; C91.6 Prolymphocytic leukaemia of T-cell type"	"C81-C96 Malignant neoplasms of lymphoid, haematopoietic and related tissue"	
C92 Myeloid leukaemia	ICD-10	C92	Myeloid leukaemia	Myelooinen leukemia	"C92.0 Acute myeloid leukaemia [AML]; C92.1 Chronic myeloid leukaemia [CML]; C92.2 Subacute myeloid leukaemia; C92.3 Myeloid sarcoma; C92.4 Acute promyelocytic leukaemia [PML]; C92.5 Acute myelomonocytic leukaemia; C92.7 Other myeloid leukaemia; C92.9 Myeloid leukaemia, unspecified"	"C81-C96 Malignant neoplasms of lymphoid, haematopoietic and related tissue"	
C93 Monocytic leukaemia	ICD-10	C93	Monocytic leukaemia	Monosyyttileukemia	"C93.0 Acute monocytic leukaemia; C93.1 Chronic monocytic leukaemia; C93.2 Subacute monocytic leukaemia; C93.7 Other monocytic leukaemia; C93.9 Monocytic leukaemia, unspecified"	"C81-C96 Malignant neoplasms of lymphoid, haematopoietic and related tissue"	
C94 Other leukaemias of specified cell type	ICD-10	C94	Other leukaemias of specified cell type	Muut solutyypiltään määritetyt leukemiat	C94.0 Acute erythraemia and erythroleukaemia; C94.1 Chronic erythraemia; C94.2 Acute megakaryoblastic leukaemia; C94.3 Mast cell leukaemia; C94.4 Acute panmyelosis; C94.5 Acute myelofibrosis; C94.7 Other specified leukaemias	"C81-C96 Malignant neoplasms of lymphoid, haematopoietic and related tissue"	
C95 Leukaemia of unspecified cell type	ICD-10	C95	Leukaemia of unspecified cell type	Solutyypiltään määrittämätön leukemia	"C95.0 Acute leukaemia of unspecified cell type; C95.1 Chronic leukaemia of unspecified cell type; C95.2 Subacute leukaemia of unspecified cell type; C95.7 Other leukaemia of unspecified cell type; C95.9 Leukaemia, unspecified"	"C81-C96 Malignant neoplasms of lymphoid, haematopoietic and related tissue"	
"C96 Other and unspecified malignant neoplasms of lymphoid, haematopoietic and related tissue"	ICD-10	C96	"Other and unspecified malignant neoplasms of lymphoid, haematopoietic and related tissue"	"Muut tai määrittämättömät imukudoksen, verta muodostavien kudosten ja lähisukuisten kudosten pahanlaatuiset kasvaimet"	"C96.0 Letterer-Siwe disease; C96.1 Malignant histiocytosis; C96.1+M36.1 Arthropathy in malignant histiocytosis; C96.2 Malignant mast cell tumour; C96.3 True histiocytic hymphoma; C96.7 Other specified malignant neoplasms of lymphoid, haematopoietic and related tissue; C96.9 Malignant neoplasm of lymphoid, haematopoietic and related tissue, unspecified; C96.4 Sarcoma of dendritic cells (accessory cells); C96.5 Multifocal and unisystemic Langerhans-cell histiocytosis; C96.6 Unifocal Langerhans-cell histiocytosis; C96.8 Malignant Histiocytosis"	"C81-C96 Malignant neoplasms of lymphoid, haematopoietic and related tissue"	
C97-C97	ICD-10	C97-C97		Toisistaan riippumatta eri [primaarisissa] kohdissa esiintyvät useat kasvaimet	C97 Malignant neoplasms of independent (primary) multiple sites	C00-C97	
C97 Malignant neoplasms of independent (primary) multiple sites	ICD-10	C97	Malignant neoplasms of independent (primary) multiple sites	Toisistaan riippumatta eri (primaarisissa) kohdissa esiintyvät useat kasvaimet		C97-C97	
D00-D09 In situ neoplasms	ICD-10	D00-D09	In situ neoplasms	Pintasyövät ja muut alkavat syövät	"D00 Carcinoma in situ of oral cavity, oesophagus and stomach; D01 Carcinoma in situ of other and unspecified digestive organs; D02 Carcinoma in situ of middle ear and respiratory system; D03 Melanoma in situ; D04 Carcinoma in situ of skin; D05 Carcinoma in situ of breast; D06 Carcinoma in situ of cervix uteri; D07 Carcinoma in situ of other and unspecified genital organs; D09 Carcinoma in situ of other and unspecified sites"	C00-D48 Malignant neoplasms	
"D00 Carcinoma in situ of oral cavity, oesophagus and stomach"	ICD-10	D00	"Carcinoma in situ of oral cavity, oesophagus and stomach"	"Suuontelon, ruokatorven tai mahalaukun pintasyöpä"	"D00.0 Lip, oral cavity and pharynx; D00.1& Oesophagus; D00.2& Stomach"	D00-D09 In situ neoplasms	
D01 Carcinoma in situ of other and unspecified digestive organs	ICD-10	D01	Carcinoma in situ of other and unspecified digestive organs	Muiden tai määrittämättömien ruuansulatuselinten pintasyöpä	"D01.0& Colon; D01.1& Rectosigmoid junction; D01.2& Rectum; D01.3& Anus and anal canal; D01.4& Other and unspecified parts of intestine; D01.5& Liver, gallbladder and bile ducts; D01.7& Other specified digestive organs; D01.9& Digestive organ, unspecified"	D00-D09 In situ neoplasms	
D02 Carcinoma in situ of middle ear and respiratory system	ICD-10	D02	Carcinoma in situ of middle ear and respiratory system	Välikorvan tai hengityselinten pintasyöpä	"D02.0& Larynx; D02.1& Trachea; D02.2& Bronchus and lung; D02.3& Other parts of respiratory system; D02.4& Respiratory system, unspecified"	D00-D09 In situ neoplasms	
D03 Melanoma in situ	ICD-10	D03	Melanoma in situ	Pintamelanooma	"D03.0& Melanoma in situ of lip; D03.1& Melanoma in situ of eyelid, including canthus; D03.2& Melanoma in situ of ear and external auricular canal; D03.30&; D03.31&; D03.4& Melanoma in situ of scalp and neck; D03.5& Melanoma in situ of trunk; D03.6& Melanoma in situ of upper limb, including shoulder; D03.7& Melanoma in situ of lower limb, including hip; D03.8& Melanoma in situ of other sites; D03.9& Melanoma in situ, unspecified"	D00-D09 In situ neoplasms	
D04 Carcinoma in situ of skin	ICD-10	D04	Carcinoma in situ of skin	Ihon pintasyöpä	"D04.0& Skin of lip; D04.1& Skin of eyelid, including canthus; D04.2& Skin of ear and external auricular canal; D04.3& Skin of other and unspecified parts of face; D04.4& Skin of scalp and neck; D04.5& Skin of trunk; D04.6& Skin of upper limb, including shoulder; D04.7& Skin of lower limb, including hip; D04.8& Skin of other sites; D04.9& Skin, unspecified"	D00-D09 In situ neoplasms	
D05 Carcinoma in situ of breast	ICD-10	D05	Carcinoma in situ of breast	Rintarauhasen alkava syöpä (carcinoma in situ)	"D05.0& Lobular carcinoma in situ; D05.1& Intraductal carcinoma in situ; D05.7& Other carcinoma in situ of breast; D05.9& Carcinoma in situ of breast, unspecified"	D00-D09 In situ neoplasms	
D06 Carcinoma in situ of cervix uteri	ICD-10	D06	Carcinoma in situ of cervix uteri	Kohdunkaulan pintasyöpä	"D06.0& Endocervix; D06.1& Exocervix; D06.7& Other parts of cervix; D06.9& Cervix, unspecified"	D00-D09 In situ neoplasms	
D07 Carcinoma in situ of other and unspecified genital organs	ICD-10	D07	Carcinoma in situ of other and unspecified genital organs	Muiden tai määrittämättömien sukupuolielinten pintasyöpä tai muu alkava syöpä (carcinoma in situ)	D07.0& Endometrium; D07.1& Vulva; D07.2& Vagina; D07.3& Other and unspecified female genital organs; D07.4& Penis; D07.5& Prostate; D07.6& Other and unspecified male genital organs	D00-D09 In situ neoplasms	
D09 Carcinoma in situ of other and unspecified sites	ICD-10	D09	Carcinoma in situ of other and unspecified sites	Muiden tai määrittämättömien elinten pintasyöpä tai muu alkava syöpä (carcinoma in situ)	"D09.0& Bladder; D09.1& Other and unspecified urinary organs; D09.2& Eye; D09.3& Thyroid and other endocrine glands; D09.7& Carcinoma in situ of other specified sites; D09.9& Carcinoma in situ, unspecified"	D00-D09 In situ neoplasms	
D10-D36 Benign neoplasms	ICD-10	D10-D36	Benign neoplasms	Hyvänlaatuiset kasvaimet	"D10 Benign neoplasm of mouth and pharynx; D11 Benign neoplasm of major salivary glands; D12 Benign neoplasm of colon, rectum, anus and anal canal; D13 Benign neoplasm of other and ill-defined parts of digestive system; D14 Benign neoplasm of middle ear and respiratory system; D15 Benign neoplasm of other and unspecified intrathoracic organs; D16 Benign neoplasm of bone and articular cartilage; D17 Benign lipomatous neoplasm; D18 Haemangioma and lymphangioma, any site; D19 Benign neoplasm of mesothelial tissue; D20 Benign neoplasm of soft tissue of retroperitoneum and peritoneum; D21 Other benign neoplasms of connective and other soft tissue; D22 Melanocytic naevi; D23 Other benign neoplasms of skin; D24& Benign neoplasm of breast; D25 Leiomyoma of uterus; D26 Other benign neoplasms of uterus; D27 Benign neoplasm of ovary; D28 Benign neoplasm of other and unspecified female genital organs; D29 Benign neoplasm of male genital organs; D30 Benign neoplasm of urinary organs; D31 Benign neoplasm of eye and adnexa; D32 Benign neoplasm of meninges; D33 Benign neoplasm of brain and other parts of central nervous system; D34& Benign neoplasm of thyroid gland; D35 Benign neoplasm of other and unspecified endocrine glands; D36 Benign neoplasm of other and unspecified sites"	C00-D48 Malignant neoplasms	
D10 Benign neoplasm of mouth and pharynx	ICD-10	D10	Benign neoplasm of mouth and pharynx	Suun tai nielun hyvänlaatuinen kasvain	"D10.0 Lip; D10.1 Tongue; D10.2& Floor of mouth; D10.3 Other and unspecified parts of mouth; D10.4& Tonsil; D10.5& Other parts of oropharynx; D10.6& Nasopharynx; D10.7& Hypopharynx; D10.9& Pharynx, unspecified"	D10-D36 Benign neoplasms	
D11 Benign neoplasm of major salivary glands	ICD-10	D11	Benign neoplasm of major salivary glands	Suurten sylkirauhasten hyvänlaatuiset kasvaimet	"D11.0& Parotid gland; D11.7 Other major salivary glands; D11.9& Major salivary gland, unspecified"	D10-D36 Benign neoplasms	
"D12 Benign neoplasm of colon, rectum, anus and anal canal"	ICD-10	D12	"Benign neoplasm of colon, rectum, anus and anal canal"	"Paksusuolen, peräaukkokanavan ja/tai peräaukon hyvänlaatuinen kasvain"	"D12.0& Caecum; D12.1& Appendix; D12.2& Ascending colon; D12.3& Transverse colon; D12.4& Descending colon; D12.5& Sigmoid colon; D12.6& Colon, unspecified; D12.7& Rectosigmoid junction; D12.8& Rectum; D12.9& Anus and anal canal"	D10-D36 Benign neoplasms	
D13 Benign neoplasm of other and ill-defined parts of digestive system	ICD-10	D13	Benign neoplasm of other and ill-defined parts of digestive system	Muiden tai huonosti määritettyjen ruuansulatuselinten hyvänlaatuiset kasvaimet	D13.0& Oesophagus; D13.1& Stomach; D13.2& Duodenum; D13.3& Other and unspecified parts of small intestine; D13.4& Liver; D13.5& Extrahepatic bile ducts; D13.6& Pancreas; D13.7& Endocrine pancreas; D13.9& Ihl-defined sites within the digestive system	D10-D36 Benign neoplasms	
D14 Benign neoplasm of middle ear and respiratory system	ICD-10	D14	Benign neoplasm of middle ear and respiratory system	Välikorvan tai hengityselinten hyvänlaatuinen kasvain	"D14.0& Middle ear, nasal cavity and accessory sinuses; D14.1& Larynx; D14.2& Trachea; D14.3& Bronchus and lung; D14.4& Respiratory system, unspecified"	D10-D36 Benign neoplasms	
D15 Benign neoplasm of other and unspecified intrathoracic organs	ICD-10	D15	Benign neoplasm of other and unspecified intrathoracic organs	Muiden ja määrittämättömien rintaontelon elinten hyvänlaatuiset kasvaimet	"D15.0& Thymus; D15.1& Heart; D15.2& Mediastinum; D15.7& Other specified intrathoracic organs; D15.9& Intrathoracic organ, unspecified"	D10-D36 Benign neoplasms	
D16 Benign neoplasm of bone and articular cartilage	ICD-10	D16	Benign neoplasm of bone and articular cartilage	Luun tai nivelruston hyvänlaatuinen kasvain	"D16.0& Scapula and long bones of upper limb; D16.1& Short bones of upper limb; D16.2& Long bones of lower limb; D16.3& Short bones of lower limb; D16.40& Orbital bone; D16.41&; D16.43&; D16.49& Bones of skull and face; D16.50&; D16.51&; D16.6& Vertebral column; D16.7& Ribs, sternum and clavicle; D16.8& Pelvic bones, sacrum and coccyx; D16.90& Bone and articular cartilage, unspecified; D16.91&"	D10-D36 Benign neoplasms	
D17 Benign lipomatous neoplasm	ICD-10	D17	Benign lipomatous neoplasm	Hyvänlaatuinen rasvakasvain (lipooma)	"D17.0& Benign lipomatous neoplasm of skin and subcutaneous tissue of head, face and neck; D17.1& Benign lipomatous neoplasm of skin and subcutaneous tissue of trunk; D17.2& Benign lipomatous neoplasm of skin and subcutaneous tissue of limbs; D17.3& Benign lipomatous neoplasm of skin and subcutaneous tissue of other and unspecified sites; D17.4& Benign lipomatous neoplasm of intrathoracic organs; D17.5& Benign lipomatous neoplasm of intra-abdominal organs; D17.6& Benign lipomatous neoplasm of spermatic cord; D17.7& Benign lipomatous neoplasm of other sites; D17.9& Benign lipomatous neoplasm, unspecified"	D10-D36 Benign neoplasms	
"D18 Haemangioma and lymphangioma, any site"	ICD-10	D18	"Haemangioma and lymphangioma, any site"	"Hemangiooma tai lymfangiooma, kaikki sijaintipaikat"	"D18.0& Haemangioma, any site; D18.1& Lymphangioma, any site"	D10-D36 Benign neoplasms	
D19 Benign neoplasm of mesothelial tissue	ICD-10	D19	Benign neoplasm of mesothelial tissue	Mesoteelin hyvänlaatuinen kasvain	"D19.0& Mesothelial tissue of pleura; D19.1& Mesothelial tissue of peritoneum; D19.7& Mesothelial tissue of other sites; D19.9& Mesothelial tissue, unspecified"	D10-D36 Benign neoplasms	
D20 Benign neoplasm of soft tissue of retroperitoneum and peritoneum	ICD-10	D20	Benign neoplasm of soft tissue of retroperitoneum and peritoneum	Vatsaontelontakaisen ja/tai vatsakalvon pehmytkudoksen hyvänlaatuinen kasvain	D20.0& Retroperitoneum; D20.1& Peritoneum	D10-D36 Benign neoplasms	
D21 Other benign neoplasms of connective and other soft tissue	ICD-10	D21	Other benign neoplasms of connective and other soft tissue	Muut sidekudoksen tai muun pehmytkudoksen hyvänlaatuiset kasvaimet	"D21.0& Connective and other soft tissue of head, face and neck; D21.1& Connective and other soft tissue of upper limb, including shoulder; D21.2& Connective and other soft tissue of lower limb, including hip; D21.3& Connective and other soft tissue of thorax; D21.4& Connective and other soft tissue of abdomen; D21.5& Connective and other soft tissue of pelvis; D21.6& Connective and other soft tissue of trunk, unspecified; D21.9& Connective and other soft tissue, unspecified"	D10-D36 Benign neoplasms	
D22 Melanocytic naevi	ICD-10	D22	Melanocytic naevi	Melanosyyttiluomet	"D22.0& Melanocytic naevi of lip; D22.1& Melanocytic naevi of eyelid, including canthus; D22.2& Melanocytic naevi of ear and external auricular canal; D22.3& Melanocytic naevi of other and unspecified parts of face; D22.4& Melanocytic naevi of scalp and neck; D22.5& Melanocytic naevi of trunk; D22.6& Melanocytic naevi of upper limb, including shoulder; D22.7& Melanocytic naevi of lower limb, including hip; D22.9& Melanocytic naevi, unspecified"	D10-D36 Benign neoplasms	
D23 Other benign neoplasms of skin	ICD-10	D23	Other benign neoplasms of skin	Muut ihon hyvänlaatuiset kasvaimet	"D23.0& Skin of lip; D23.1& Skin of eyelid, including canthus; D23.2& Skin of ear and external auricular canal; D23.3& Skin of other and unspecified parts of face; D23.4& Skin of scalp and neck; D23.5& Skin of trunk; D23.6& Skin of upper limb, including shoulder; D23.7& Skin of lower limb, including hip; D23.9& Skin, unspecified"	D10-D36 Benign neoplasms	
D24& Benign neoplasm of breast	ICD-10	D24&	Benign neoplasm of breast	Rintarauhasen hyvänlaatuinen kasvain		D10-D36 Benign neoplasms	
D25 Leiomyoma of uterus	ICD-10	D25	Leiomyoma of uterus	Kohdun hyvänlaatuinen sileälihaskasvain	"D25.0& Submucous leiomyoma of uterus; D25.1& Intramural leiomyoma of uterus; D25.2& Subserosal leiomyoma of uterus; D25.9& Leiomyoma of uterus, unspecified"	D10-D36 Benign neoplasms	
D26 Other benign neoplasms of uterus	ICD-10	D26	Other benign neoplasms of uterus	Muut hyvänlaatuiset kohtukasvaimet	"D26.0& Cervix uteri; D26.1& Corpus uteri; D26.7& Other parts of uterus; D26.9& Uterus, unspecified"	D10-D36 Benign neoplasms	
D27 Benign neoplasm of ovary	ICD-10	D27	Benign neoplasm of ovary	Munasarjan hyvänlaatuinen kasvain	D27.91&; D27.92&; D27.93&; D27.98&; D27.99&	D10-D36 Benign neoplasms	
D28 Benign neoplasm of other and unspecified female genital organs	ICD-10	D28	Benign neoplasm of other and unspecified female genital organs	Naisen muiden ja määrittämättömien sukupuolielinten hyvänlaatuiset kasvaimet	"D28.0& Vulva; D28.1& Vagina; D28.2& Uterine tubes and ligaments; D28.7& Other specified female genital organs; D28.9& Female genital organ, unspecified"	D10-D36 Benign neoplasms	
D29 Benign neoplasm of male genital organs	ICD-10	D29	Benign neoplasm of male genital organs	Miehen sukupuolielinten hyvänlaatuinen kasvain	"D29.0& Penis; D29.1& Prostate; D29.2& Testis; D29.3& Epididymis; D29.4& Scrotum; D29.7& Other male genital organs; D29.9& Male genital organ, unspecified"	D10-D36 Benign neoplasms	
D30 Benign neoplasm of urinary organs	ICD-10	D30	Benign neoplasm of urinary organs	Virtsaelinten hyvänlaatuinen kasvain	"D30.0& Kidney; D30.1& Renal pelvis; D30.2& Ureter; D30.3& Bladder; D30.4& Urethra; D30.7& Other urinary organs; D30.9& Urinary organ, unspecified"	D10-D36 Benign neoplasms	
D31 Benign neoplasm of eye and adnexa	ICD-10	D31	Benign neoplasm of eye and adnexa	Silmän ja silmän seudun hyvänlaatuiset kasvaimet	"D31.0& Conjunctiva; D31.1& Cornea; D31.2& Retina; D31.3& Choroid; D31.4& Ciliary body; D31.5& Lacrimal gland and duct; D31.6& Orbit, unspecified; D31.9& Eye, unspecified"	D10-D36 Benign neoplasms	
D32 Benign neoplasm of meninges	ICD-10	D32	Benign neoplasm of meninges	Keskushermostokalvojen hyvänlaatuinen kasvain	"D32.0 Cerebral meninges; D32.1& Spinal meninges; D32.9& Meninges, unspecified"	D10-D36 Benign neoplasms	
D33 Benign neoplasm of brain and other parts of central nervous system	ICD-10	D33	Benign neoplasm of brain and other parts of central nervous system	Keskushermoston ja aivohermojen hyvänlaatuiset kasvaimet	"D33.0 Brain, supratentorial; D33.1 Brain, infratentorial; D33.2& Brain, unspecified; D33.3 Cranial nerves; D33.4& Spinal cord; D33.7& Other specified parts of central nervous system; D33.9& Central nervous system, unspecified"	D10-D36 Benign neoplasms	
D34& Benign neoplasm of thyroid gland	ICD-10	D34&	Benign neoplasm of thyroid gland	Kilpirauhasen hyvänlaatuinen kasvain		D10-D36 Benign neoplasms	
D35 Benign neoplasm of other and unspecified endocrine glands	ICD-10	D35	Benign neoplasm of other and unspecified endocrine glands	Muiden tai määrittämättömien umpirauhasten hyvänlaatuiset kasvaimet	"D35.0& Adrenal gland; D35.1& Parathyroid gland; D35.2& Pituitary gland; D35.3 Craniopharyngeal duct; D35.4& Pineal gland; D35.50& Carotid body; D35.59&; D35.6& Aortic body and other paraganglia; D35.7& Other specified endocrine glands; D35.8& Pluriglandular involvement; D35.9& Endocrine gland, unspecified"	D10-D36 Benign neoplasms	
D36 Benign neoplasm of other and unspecified sites	ICD-10	D36	Benign neoplasm of other and unspecified sites	Muut tai sijaintipaikaltaan määrittämättömät hyvänlaatuiset kasvaimet	D36.0& Lymph nodes; D36.1& Peripheral nerves and autonomic nervous system; D36.7& Other specified sites; D36.9& Benign neoplasm of unspecified site	D10-D36 Benign neoplasms	
D37-D48 Neoplasms of uncertain or unknown behaviour	ICD-10	D37-D48	Neoplasms of uncertain or unknown behaviour	Kasvu- ja leviämistaipumukseltaan epäselvät tai tuntemattomat kasvaimet	"D37 Neoplasm of uncertain or unknown behaviour of oral cavity and digestive organs; D38 Neoplasm of uncertain or unknown behaviour of middle ear and respiratory and intrathoracic organs; D39 Neoplasm of uncertain or unknown behaviour of female genital organs; D40 Neoplasm of uncertain or unknown behaviour of male genital organs; D41 Neoplasm of uncertain or unknown behaviour of urinary organs; D42 Neoplasm of uncertain or unknown behaviour of meninges; D43 Neoplasm of uncertain or unknown behaviour of brain and central nervous system; D44 Neoplasm of uncertain or unknown behaviour of endocrine               glands; D45 Polycythaemia vera; D46 Myelodysplastic syndromes [MDS]; D47 Other neoplasms of uncertain or unknown behaviour of lymphoid, haematopoietic and related tissue; D48 Neoplasm of uncertain or unknown behaviour of other and unspecified sites"	C00-D48 Malignant neoplasms	
D37 Neoplasm of uncertain or unknown behaviour of oral cavity and digestive organs	ICD-10	D37	Neoplasm of uncertain or unknown behaviour of oral cavity and digestive organs	Suuontelon ja muiden ruuansulatuselinten kasvutaipumukseltaan epäselvät tai tuntemattomat kasvaimet	"D37.00& Aryepiglottic fold marginal zone; D37.01&; D37.08&; D37.09& Lip, oral cavity and pharynx; D37.1& Stomach; D37.2& Small intestine; D37.3& Appendix; D37.4& Colon; D37.5& Rectum; D37.6& Liver, gallbladder and bile ducts; D37.7& Other digestive organs; D37.9& Digestive organ, unspecified"	D37-D48 Neoplasms of uncertain or unknown behaviour	
D38 Neoplasm of uncertain or unknown behaviour of middle ear and respiratory and intrathoracic organs	ICD-10	D38	Neoplasm of uncertain or unknown behaviour of middle ear and respiratory and intrathoracic organs	"Välikorvan, hengityselinten ja rintaontelon elinten kasvutaipumukseltaan epäselvät tai tuntemattomat kasvaimet"	"D38.0& Neoplasm of uncertain or unknown behaviour of larynx; D38.1& Neoplasm of uncertain or unknown behaviour of trachea, bronchus and lung; D38.2& Neoplasm of uncertain or unknown behaviour of pleura; D38.3& Neoplasm of uncertain or unknown behaviour of mediastinum; D38.4& Neoplasm of uncertain or unknown behaviour of thymus; D38.50& Neoplasm of uncertain or unknown behaviour of maxillary sinus; D38.51& Neoplasm of uncertain or unknown behaviour of other accessory sinus; D38.58& Neoplasm of uncertain or unknown behaviour of other respiratory organ; D38.6& Neoplasm of uncertain or unknown behaviour of respiratory organ, unspecified"	D37-D48 Neoplasms of uncertain or unknown behaviour	
D39 Neoplasm of uncertain or unknown behaviour of female genital organs	ICD-10	D39	Neoplasm of uncertain or unknown behaviour of female genital organs	Naisen sukupuolielinten kasvutaipumukseltaan epäselvät tai tuntemattomat kasvaimet	"D39.0& Uterus; D39.1 Ovary; D39.2& Placenta; D39.7& Other female genital organs; D39.9& Female genital organ, unspecified"	D37-D48 Neoplasms of uncertain or unknown behaviour	
D40 Neoplasm of uncertain or unknown behaviour of male genital organs	ICD-10	D40	Neoplasm of uncertain or unknown behaviour of male genital organs	Miehen sukupuolielinten kasvutaipumukseltaan epäselvät tai tuntemattomat kasvaimet	"D40.0& Prostate; D40.1& Testis; D40.7& Other male genital organs; D40.9& Male genital organ, unspecified"	D37-D48 Neoplasms of uncertain or unknown behaviour	
D41 Neoplasm of uncertain or unknown behaviour of urinary organs	ICD-10	D41	Neoplasm of uncertain or unknown behaviour of urinary organs	Virtsaelinten kasvutaipumukseltaan epäselvät tai tuntemattomat kasvaimet	"D41.0& Kidney; D41.1& Renal pelvis; D41.2& Ureter; D41.3& Urethra; D41.4& Bladder; D41.7& Other urinary organs; D41.9& Urinary organ, unspecified"	D37-D48 Neoplasms of uncertain or unknown behaviour	
D42 Neoplasm of uncertain or unknown behaviour of meninges	ICD-10	D42	Neoplasm of uncertain or unknown behaviour of meninges	Keskushermostokalvojen kasvutaipumukseltaan epäselvät tai tuntemattomat kasvaimet	"D42.0& Cerebral meninges; D42.1& Spinal meninges; D42.9& Meninges, unspecified"	D37-D48 Neoplasms of uncertain or unknown behaviour	
D43 Neoplasm of uncertain or unknown behaviour of brain and central nervous system	ICD-10	D43	Neoplasm of uncertain or unknown behaviour of brain and central nervous system	Keskushermoston ja aivohermojen kasvutaipumukseltaan epäselvät tai tuntemattomat kasvaimet	"D43.0& Brain, supratentorial; D43.1& Brain, infratentorial; D43.2& Brain, unspecified; D43.3& Cranial nerves; D43.4& Spinal cord; D43.7& Other parts of central nervous system; D43.9& Central nervous system, unspecified"	D37-D48 Neoplasms of uncertain or unknown behaviour	
D44 Neoplasm of uncertain or unknown behaviour of endocrine               glands	ICD-10	D44	Neoplasm of uncertain or unknown behaviour of endocrine               glands	Umpirauhasten kasvutaipumukseltaan epäselvät tai tuntemattomat kasvaimet	"D44.0& Thyroid gland; D44.1& Adrenal gland; D44.2& Parathyroid gland; D44.3& Pituitary gland; D44.4& Craniopharyngeal duct; D44.5& Pineal gland; D44.6& Carotid body; D44.7& Aortic body and other paraganglia; D44.8& Pluriglandular involvement; D44.9& Endocrine gland, unspecified"	D37-D48 Neoplasms of uncertain or unknown behaviour	
D45 Polycythaemia vera	ICD-10	D45	Polycythaemia vera	Polysytemia vera		D37-D48 Neoplasms of uncertain or unknown behaviour	
D46 Myelodysplastic syndromes [MDS]	ICD-10	D46	Myelodysplastic syndromes	Myelodysplastiset oireyhtymät	"D46.0 Refractory anaemia without sideroblasts, so stated; D46.1 Refractory anaemia with sideroblasts; D46.2 Refractory anaemia with excess of blasts; D46.3 Refractory anaemia with excess of blasts with transformation; D46.4 Refractory anaemia, unspecified; D46.7 Other myelodysplastic syndromes; D46.9 Myelodysplastic syndrome, unspecified"	D37-D48 Neoplasms of uncertain or unknown behaviour	
"D47 Other neoplasms of uncertain or unknown behaviour of lymphoid, haematopoietic and related tissue"	ICD-10	D47	"Other neoplasms of uncertain or unknown behaviour of lymphoid, haematopoietic and related tissue"	"Muut imukudoksen, verta muodostavien kudosten ja lähisukuisten kudosten kasvutaipumukseltaan epäselvät tai tuntemattomat kasvaimet"	"D47.0 Histiocytic and mast cell tumours of uncertain and unknown behaviour; D47.1 Chronic myeloproliferative disease; D47.2 Monoclonal gammopathy; D47.3 Essential (haemorrhagic) thrombocythaemia; D47.7 Other specified neoplasms of uncertain or unknown behaviour of lymphoid, haematopoietic and related tissue; D47.9 Neoplasm of uncertain or unknown behaviour of lymphoid, haematopoietic and related tissue, unspecified"	D37-D48 Neoplasms of uncertain or unknown behaviour	
D48 Neoplasm of uncertain or unknown behaviour of other and unspecified sites	ICD-10	D48	Neoplasm of uncertain or unknown behaviour of other and unspecified sites	Muussa tai määrittämättömässä paikassa sijaitseva kasvutaipumukseltaan epäselvä tai tuntematon kasvain	"D48.0& Bone and articular cartilage; D48.1& Connective and other soft tissue; D48.2& Peripheral nerves and autonomic nervous system; D48.3& Retroperitoneum; D48.4& Peritoneum; D48.5& Skin; D48.6& Breast; D48.7& Other specified sites; D48.9& Neoplasm of uncertain or unknown behaviour, unspecified"	D37-D48 Neoplasms of uncertain or unknown behaviour	
D50-D89 Diseases of the blood and blood-forming organs and certain disorders involving the immune mechanism	ICD-10	D50-D89	Diseases of the blood and blood-forming organs and certain disorders involving the immune mechanism	Veren ja verta muodostavien elinten sairaudet sekä eräät immuunimekanismin häiriöt	"D50-D53 Nutritional anaemias; D55-D59 Haemolytic anaemias; D60-D64 Aplastic and other anaemias; D65-D69 Coagulation defects, purpura and other haemorrhagic conditions; D70-D77 Other diseases of blood and blood-forming organs; D80-D89 Certain disorders involving the immune mechanism"		
D50-D53 Nutritional anaemias	ICD-10	D50-D53	Nutritional anaemias	Ravitsemusperäiset anemiat	D50 Iron deficiency anaemia; D51 Vitamin B12 deficiency anaemia; D52 Folate deficiency anaemia; D53 Other nutritional anaemias	D50-D89 Diseases of the blood and blood-forming organs and certain disorders involving the immune mechanism	
D50 Iron deficiency anaemia	ICD-10	D50	Iron deficiency anaemia	Raudanpuuteanemia	"D50.0 Iron deficiency anaemia secondary to blood loss (chronic); D50.1 Sideropenic dysphagia; D50.8 Other iron deficiency anaemias; D50.9 Iron deficiency anaemia, unspecified"	D50-D53 Nutritional anaemias	
D51 Vitamin B12 deficiency anaemia	ICD-10	D51	Vitamin B12 deficiency anaemia	B12-vitamiininpuuteanemia	"D51.0 Vitamin B12 deficiency anaemia due to intrinsic factor deficiency; D51.1 Vitamin B12 deficiency anaemia due to selective vitamin B12 malabsorption with proteinuria; D51.2 Transcobalamin II deficiency; D51.3 Other dietary vitamin B12 deficiency anaemia; D51.8 Other vitamin B12 deficiency anaemias; D51.9 Vitamin B12 deficiency anaemia, unspecified"	D50-D53 Nutritional anaemias	
D52 Folate deficiency anaemia	ICD-10	D52	Folate deficiency anaemia	Folaatinpuuteanemia	"D52.0 Dietary folate deficiency anaemia; D52.1# Drug-induced folate deficiency anaemia; D52.8 Other folate deficiency anaemias; D52.9 Folate deficiency anaemia, unspecified"	D50-D53 Nutritional anaemias	
D53 Other nutritional anaemias	ICD-10	D53	Other nutritional anaemias	Muut ravitsemusperäiset anemiat	"D53.0 Protein deficiency anaemia; D53.1 Other megaloblastic anaemias, not elsewhere classified; D53.2 Scorbutic anaemia; D53.8 Other specified nutritional anaemias; D53.9 Nutritional anaemia, unspecified"	D50-D53 Nutritional anaemias	
D55-D59 Haemolytic anaemias	ICD-10	D55-D59	Haemolytic anaemias	Hemolyyttiset anemiat	D55 Anaemia due to enzyme disorders; D56 Thalassaemia; D57 Sickle-cell disorders; D58 Other hereditary haemolytic anaemias; D59 Acquired haemolytic anaemia	D50-D89 Diseases of the blood and blood-forming organs and certain disorders involving the immune mechanism	
D55 Anaemia due to enzyme disorders	ICD-10	D55	Anaemia due to enzyme disorders	Entsyymihäiriöistä aiheutuvat anemiat	"D55.0 Anaemia due to glucose-6-phosphate dehydrogenase [G6PD] deficiency; D55.1 Anaemia due to other disorders of glutathione metabolism; D55.2 Anaemia due to disorders of glycolytic enzymes; D55.3 Anaemia due to disorders of nucleotide metabolism; D55.8 Other anaemias due to enzyme disorders; D55.9 Anaemia due to enzyme disorder, unspecified"	D55-D59 Haemolytic anaemias	
D56 Thalassaemia	ICD-10	D56	Thalassaemia	Talassemia	"D56.0 Alpha thalassaemia; D56.1 Beta thalassaemia; D56.2 Delta-beta thalassaemia; D56.3 Thalassaemia trait; D56.4 Hereditary persistence of fetal haemoglobin [HPFH]; D56.8 Other thalassaemias; D56.90; D56.91; D56.92; D56.99 Thalassaemia, unspecified"	D55-D59 Haemolytic anaemias	
D57 Sickle-cell disorders	ICD-10	D57	Sickle-cell disorders	Sirppisolusairaudet	D57.0 Sickle-cell anaemia with crisis; D57.1 Sickle-cell anaemia without crisis; D57.2 Double heterozygous sickling disorders; D57.3 Sickle-cell trait; D57.8 Other sickle-cell disorders; D57.8+H36.8 Proliferative sickle-cell retinopathy; D57.8+M14.0 Gouty arthropathy in sickle-cell disorders; D57.8+N08.2 Glomerular disorders in sickle-cell disorders	D55-D59 Haemolytic anaemias	
D58 Other hereditary haemolytic anaemias	ICD-10	D58	Other hereditary haemolytic anaemias	Muut perinnölliset hemolyyttiset anemiat	"D58.0 Hereditary spherocytosis; D58.1 Hereditary elliptocytosis; D58.2 Other haemoglobinopathies; D58.8 Other specified hereditary haemolytic anaemias; D58.9 Hereditary haemolytic anaemia, unspecified"	D55-D59 Haemolytic anaemias	
D59 Acquired haemolytic anaemia	ICD-10	D59	Acquired haemolytic anaemia	Hankinnainen hemolyyttinen anemia	"D59.0# Drug-induced autoimmune haemolytic anaemia; D59.1 Other autoimmune haemolytic anaemias; D59.2# Drug-induced nonautoimmune haemolytic anaemia; D59.3 Haemolytic-uraemic syndrome; D59.3+N08.2 Glomerular disorders in haemolytic-uraemic syndrome; D59.4 Other nonautoimmune haemolytic anaemias; D59.5 Paroxysmal nocturnal haemoglobinuria [Marchiafava-Micheli]; D59.6 Haemoglobinuria due to haemolysis from other external causes; D59.8 Other acquired haemolytic anaemias; D59.9 Acquired haemolytic anaemia, unspecified"	D55-D59 Haemolytic anaemias	
D60-D64 Aplastic and other anaemias	ICD-10	D60-D64	Aplastic and other anaemias	Aplastiset ja muut anemiat	D60 Acquired pure red cell aplasia [erythroblastopenia]; D61 Other aplastic anaemias; D62 Acute posthaemorrhagic anaemia; D63* Anaemia in chronic diseases classified elsewhere; D64 Other anaemias	D50-D89 Diseases of the blood and blood-forming organs and certain disorders involving the immune mechanism	
D60 Acquired pure red cell aplasia [erythroblastopenia]	ICD-10	D60	Acquired pure red cell aplasia [erythroblastopenia]	Hankinnainen punasoluihin rajoittuva aplasia (erytroblastopenia)	"D60.0 Chronic acquired pure red cell aplasia; D60.1 Transient acquired pure red cell aplasia; D60.8 Other acquired pure red cell aplasias; D60.9 Acquired pure red cell aplasia, unspecified"	D60-D64 Aplastic and other anaemias	
D61 Other aplastic anaemias	ICD-10	D61	Other aplastic anaemias	Muut aplastiset anemiat	"D61.0 Constitutional aplastic anaemia; D61.1# Drug-induced aplastic anaemia; D61.2 Aplastic anaemia due to other external agents; D61.3 Idiopathic aplastic anaemia; D61.8 Other specified aplastic anaemias; D61.9 Aplastic anaemia, unspecified"	D60-D64 Aplastic and other anaemias	
D62 Acute posthaemorrhagic anaemia	ICD-10	D62	Acute posthaemorrhagic anaemia	Akuutti vuotoanemia		D60-D64 Aplastic and other anaemias	
D63* Anaemia in chronic diseases classified elsewhere	ICD-10	D63*	Anaemia in chronic diseases classified elsewhere	Muualla luokitettuihin pitkäaikaisiin sairauksiin liittyvä anemia	D63.0* Anaemia in neoplastic disease (C00-D48+); D63.8* Anaemia in other chronic diseases classified elsewhere	D60-D64 Aplastic and other anaemias	
D64 Other anaemias	ICD-10	D64	Other anaemias	Muut anemiat	"D64.0 Hereditary sideroblastic anaemia; D64.1 Secondary sideroblastic anaemia due to disease; D64.2# Secondary sideroblastic anaemia due to drugs and toxins; D64.3 Other sideroblastic anaemias; D64.4 Congenital dyserythropoietic anaemia; D64.8 Other specified anaemias; D64.9 Anaemia, unspecified"	D60-D64 Aplastic and other anaemias	
"D65-D69 Coagulation defects, purpura and other haemorrhagic conditions"	ICD-10	D65-D69	"Coagulation defects, purpura and other haemorrhagic conditions"	"Hyytymishäiriöt, purppura ja muut vuotohäiriöt"	D65 Disseminated intravascular coagulation [defibrination syndrome]; D65+N08.2 Glomerular disorders in disseminated intravascular coagulation [defibrination syndrome]; D66 Hereditary factor VIII deficiency; D67 Hereditary factor IX deficiency; D68 Other coagulation defects; D69 Purpura and other haemorrhagic conditions	D50-D89 Diseases of the blood and blood-forming organs and certain disorders involving the immune mechanism	
D65 Disseminated intravascular coagulation [defibrination syndrome]	ICD-10	D65	Disseminated intravascular coagulation [defibrination syndrome]	Disseminoitunut intravaskulaarinen koagulaatio (DIC)		"D65-D69 Coagulation defects, purpura and other haemorrhagic conditions"	
D66 Hereditary factor VIII deficiency	ICD-10	D66	Hereditary factor VIII deficiency	Hyytymistekijä VIII:n perinnöllinen puute		"D65-D69 Coagulation defects, purpura and other haemorrhagic conditions"	
D67 Hereditary factor IX deficiency	ICD-10	D67	Hereditary factor IX deficiency	Hyytymistekijä IX:n perinnöllinen puute		"D65-D69 Coagulation defects, purpura and other haemorrhagic conditions"	
D68 Other coagulation defects	ICD-10	D68	Other coagulation defects	Muut hyytymishäiriöt	"D68.0 Von Willebrand's disease; D68.1 Hereditary factor XI deficiency; D68.2 Hereditary deficiency of other clotting factors; D68.3# Haemorrhagic disorder due to circulating anticoagulants; D68.4 Acquired coagulation factor deficiency; D68.8 Other specified coagulation defects; D68.9 Coagulation defect, unspecified"	"D65-D69 Coagulation defects, purpura and other haemorrhagic conditions"	
D69 Purpura and other haemorrhagic conditions	ICD-10	D69	Purpura and other haemorrhagic conditions	Purppura ja muut vuotohäiriöt	"D69.0 Allergic purpura; D69.0+M36.4 Arthropathy in Henoch(-Schönlein) purpura; D69.0+N08.2 Glomerular disorders in Henoch(-Schönlein) purpura; D69.1 Qualitative platelet defects; D69.2 Other nonthrombocytopenic purpura; D69.3 Idiopathic thrombocytopenic purpura; D69.4 Other primary thrombocytopenia; D69.5# Secondary thrombocytopenia; D69.6 Thrombocytopenia, unspecified; D69.8 Other specified haemorrhagic conditions; D69.9 Haemorrhagic condition, unspecified"	"D65-D69 Coagulation defects, purpura and other haemorrhagic conditions"	
D70-D77 Other diseases of blood and blood-forming organs	ICD-10	D70-D77	Other diseases of blood and blood-forming organs	Muut veren ja verta muodostavien kudosten sairaudet	D70 Agranulocytosis; D71 Functional disorders of polymorphonuclear neutrophils; D72 Other disorders of white blood cells; D73 Diseases of spleen; D74 Methaemoglobinaemia; D75 Other diseases of blood and blood-forming organs; D76 Certain diseases involving lymphoreticular tissue and reticulohistiocytic system; D77* Other disorders of blood and blood-forming organs in diseases classified elsewhere; D77*A18.8 Tuberculosis of spleen; D77*B65.9 Fibrosis of spleen in schistosomiasis [bilharziasis]	D50-D89 Diseases of the blood and blood-forming organs and certain disorders involving the immune mechanism	
D70 Agranulocytosis	ICD-10	D70	Agranulocytosis	Agranulosytoosi	D70.80 Agranulocytic angina; D70.81 Neutropenia congenital; D70.82# Drug-induced neutropenia; D70.89 Neutropenic splenomegaly	D70-D77 Other diseases of blood and blood-forming organs	
D71 Functional disorders of polymorphonuclear neutrophils	ICD-10	D71	Functional disorders of polymorphonuclear neutrophils	Liuskatumaisten neutrofiilien toimintahäiriöt		D70-D77 Other diseases of blood and blood-forming organs	
D72 Other disorders of white blood cells	ICD-10	D72	Other disorders of white blood cells	Muut valkosolujen sairaudet	"D72.0 Genetic anomalies of leukocytes; D72.1 Eosinophilia; D72.8 Other specified disorders of white blood cells; D72.9 Disorder of white blood cells, unspecified"	D70-D77 Other diseases of blood and blood-forming organs	
D73 Diseases of spleen	ICD-10	D73	Diseases of spleen	Pernan sairaudet	"D73.0 Hyposplenism; D73.1 Hypersplenism; D73.2 Chronic congestive splenomegaly; D73.3 Abscess of spleen; D73.4 Cyst of spleen; D73.5 Infarction of spleen; D73.8 Other diseases of spleen; D73.9 Disease of spleen, unspecified"	D70-D77 Other diseases of blood and blood-forming organs	
D74 Methaemoglobinaemia	ICD-10	D74	Methaemoglobinaemia	Methemoglobinemia	"D74.0 Congenital methaemoglobinaemia; D74.8# Other methaemoglobinaemias; D74.9 Methaemoglobinaemia, unspecified"	D70-D77 Other diseases of blood and blood-forming organs	
D75 Other diseases of blood and blood-forming organs	ICD-10	D75	Other diseases of blood and blood-forming organs	Muut veren ja vertamuodostavien kudosten sairaudet	"D75.0 Familial erythrocytosis; D75.1 Secondary polycythaemia; D75.2 Essential thrombocytosis; D75.8 Other specified diseases of blood and blood-forming organs; D75.9 Disease of blood and blood-forming organs, unspecified"	D70-D77 Other diseases of blood and blood-forming organs	
D76 Certain diseases involving lymphoreticular tissue and reticulohistiocytic system	ICD-10	D76	Certain diseases involving lymphoreticular tissue and reticulohistiocytic system	Eräät lymforetikulaarisen kudoksen ja retikulohistiosytaarisen järjestelmän sairaudet	"D76.0 Langerhans' cell histiocytosis, not elsewhere classified; D76.1 Haemophagocytic lymphohistiocytosis; D76.2 Haemophagocytic syndrome, infection-associated; D76.3 Other histiocytosis syndromes"	D70-D77 Other diseases of blood and blood-forming organs	
D77* Other disorders of blood and blood-forming organs in diseases classified elsewhere	ICD-10	D77*	Other disorders of blood and blood-forming organs in diseases classified elsewhere	Muu veren ja verta muodostavien kudosten muutos muualla luokitetun sairauden yhteydessä		D70-D77 Other diseases of blood and blood-forming organs	
D80-D89 Certain disorders involving the immune mechanism	ICD-10	D80-D89	Certain disorders involving the immune mechanism	Eräät immuunijärjestelmän häiriöt	"D80 Immunodeficiency with predominantly antibody defects; D81 Combined immunodeficiencies; D82 Immunodeficiency associated with other major defects; D83 Common variable immunodeficiency; D84 Other immunodeficiencies; D86 Sarcoidosis; D89 Other disorders involving the immune mechanism, not elsewhere classified"	D50-D89 Diseases of the blood and blood-forming organs and certain disorders involving the immune mechanism	
D80 Immunodeficiency with predominantly antibody defects	ICD-10	D80	Immunodeficiency with predominantly antibody defects	Pääasiallisesti vasta-aineiden vajavuuksina ilmenevä immuunivajavuus	"D80.0 Hereditary hypogammaglobulinaemia; D80.1 Nonfamilial hypogammaglobulinaemia; D80.1+M36.8 Systemic disorders of connective tissue in hypogammaglobulinaemia; D80.2 Selective deficiency of immunoglobulin A [IgA]; D80.3 Selective deficiency of immunoglobulin G [IgG] subclasses; D80.4 Selective deficiency of immunoglobulin M [IgM]; D80.5 Immunodeficiency with increased immunoglobulin M [IgM]; D80.6 Antibody deficiency with near-normal immunoglobulins or with hyperimmunoglobulinaemia; D80.7 Transient hypogammaglobulinaemia of infancy; D80.8 Other immunodeficiencies with predominantly antibody defects; D80.9 Immunodeficiency with predominantly antibody defects, unspecified"	D80-D89 Certain disorders involving the immune mechanism	
D81 Combined immunodeficiencies	ICD-10	D81	Combined immunodeficiencies	Sekamuotoiset immuunivajavuudet	"D81.0 Severe combined immunodeficiency [SCID] with reticular dysgenesis; D81.1 Severe combined immunodeficiency [SCID] with low T- and B-cell numbers; D81.2 Severe combined immunodeficiency [SCID] with low or normal B-cell numbers; D81.3 Adenosine deaminase [ADA] deficiency; D81.4 Nezelof's syndrome; D81.5 Purine nucleoside phosphorylase [PNP] deficiency; D81.6 Major histocompatibility complex class I deficiency; D81.7 Major histocompatibility complex class II deficiency; D81.8 Other combined immunodeficiencies; D81.9 Combined immunodeficiency, unspecified"	D80-D89 Certain disorders involving the immune mechanism	
D82 Immunodeficiency associated with other major defects	ICD-10	D82	Immunodeficiency associated with other major defects	Muihin vakaviin puutoksiin liittyvä immuunivajavuus	"D82.0 Wiskott-Aldrich syndrome; D82.1 Di George's syndrome; D82.2 Immunodeficiency with short-limbed stature; D82.3 Immunodeficiency following hereditary defective response to Epstein-Barr virus; D82.4 Hyperimmunoglobulin E [IgE] syndrome; D82.8 Immunodeficiency associated with other specified major defects; D82.9 Immunodeficiency associated with major defect, unspecified"	D80-D89 Certain disorders involving the immune mechanism	
D83 Common variable immunodeficiency	ICD-10	D83	Common variable immunodeficiency	Tavallinen vaihteleva (common variable) immuunivajavuus	"D83.0 Common variable immunodeficiency with predominant abnormalities of B-cell numbers and function; D83.1 Common variable immunodeficiency with predominant immunoregulatory T-cell disorders; D83.2 Common variable immunodeficiency with autoantibodies to B- or T-cells; D83.8 Other common variable immunodeficiencies; D83.9 Common variable immunodeficiency, unspecified"	D80-D89 Certain disorders involving the immune mechanism	
D84 Other immunodeficiencies	ICD-10	D84	Other immunodeficiencies	Muut immuunivajavuudet	"D84.0 Lymphocyte function antigen-1 [LFA-1] defect; D84.1 Defects in the complement system; D84.8 Other specified immunodeficiencies; D84.9 Immunodeficiency, unspecified"	D80-D89 Certain disorders involving the immune mechanism	
D86 Sarcoidosis	ICD-10	D86	Sarcoidosis	Sarkoidoosi	"D86.0 Sarcoidosis of lung; D86.1 Sarcoidosis of lymph nodes; D86.2 Sarcoidosis of lung with sarcoidosis of lymph nodes; D86.3 Sarcoidosis of skin; D86.8 Sarcoidosis of other and combined sites; D86.8+G53.2 Multiple cranial nerve palsies in sarcoidosis; D86.8+H22.1 Iridocyclitis in sarcoidosis+; D86.8+I41.8 Sarcoid myocarditis+; D86.8+K77.8 Hepatic granulomas in sarcoidosis; D86.8+M14.8 Arthropathy in sarcoidosis; D86.8+M63.3 Myositis in sarcoidosis; D86.8+N16.2 Renal tubulo-interstitial disorders in sarcoidosis; D86.9 Sarcoidosis, unspecified"	D80-D89 Certain disorders involving the immune mechanism	
"D89 Other disorders involving the immune mechanism, not elsewhere classified"	ICD-10	D89	"Other disorders involving the immune mechanism, not elsewhere classified"	Muualla luokittamattomat muut immuunimekanismiin kohdistuvat häiriöt	"D89.0 Polyclonal hypergammaglobulinaemia; D89.1 Cryoglobulinaemia; D89.1+J99.8 Respiratory disorders in cryoglobulinaemia; D89.1+N08.2 Glomerular disorders in cryoglobulinaemia; D89.1+N16.2 Renal tubulo-interstitial disorders in mixed cryoglobulinaemia; D89.2 Hypergammaglobulinaemia, unspecified; D89.80+; D89.80+N08.2; D89.82; D89.82+N08.2; D89.89 Other specified disorders involving the immune mechanism, not elsewhere classified; D89.9 Disorder involving the immune mechanism, unspecified"	D80-D89 Certain disorders involving the immune mechanism	
